Id,Rule Name,Product,Severity,Status,Confidence,Category,Is Pro Rule,Assistant Triage Result,Assistant Triage Reason,Assistant Component,Repository Name,Repository Url,Line Of Code Url,Semgrep Platform Link,Created At,Last Opened At,Branch,Triaged At,Triage Comment,Triage Reason,Rule Description
150205112,java.lang.security.audit.formatted-sql-string.formatted-sql-string,Code,High,Open,Medium,security,True,,,,linux984/keycloak,https://github.com/linux984/keycloak,https://github.com/linux984/keycloak/blob/c8738721df2cd2d16fe16adec571b4192354a771/model/jpa/src/main/java/org/keycloak/connections/jpa/updater/liquibase/custom/CustomKeycloakTask.java#L104,https://semgrep.dev/orgs/anyhow_richness507-slmails-com/findings/150205112,2025-02-28 04:03:35.808156,2025-02-28 04:03:35.783482,refs/heads/main,,,,Detected a formatted string in a SQL statement. This could lead to SQL injection if variables in the SQL statement are not properly sanitized. Use a prepared statements (java.sql.PreparedStatement) instead. You can obtain a PreparedStatement using 'connection.prepareStatement'.
150205111,java.lang.security.audit.formatted-sql-string.formatted-sql-string,Code,High,Open,Medium,security,True,,,,linux984/keycloak,https://github.com/linux984/keycloak,https://github.com/linux984/keycloak/blob/c8738721df2cd2d16fe16adec571b4192354a771/quarkus/runtime/src/main/java/org/keycloak/quarkus/runtime/storage/database/jpa/QuarkusJpaConnectionProviderFactory.java#L112,https://semgrep.dev/orgs/anyhow_richness507-slmails-com/findings/150205111,2025-02-28 04:03:35.808141,2025-02-28 04:03:35.783475,refs/heads/main,,,,Detected a formatted string in a SQL statement. This could lead to SQL injection if variables in the SQL statement are not properly sanitized. Use a prepared statements (java.sql.PreparedStatement) instead. You can obtain a PreparedStatement using 'connection.prepareStatement'.
150205110,java.lang.security.audit.xxe.documentbuilderfactory-disallow-doctype-decl-missing.documentbuilderfactory-disallow-doctype-decl-missing,Code,High,Open,High,security,False,,,,linux984/keycloak,https://github.com/linux984/keycloak,https://github.com/linux984/keycloak/blob/c8738721df2cd2d16fe16adec571b4192354a771/federation/sssd/src/main/java/org/freedesktop/dbus/utils/XmlUtil.java#L113,https://semgrep.dev/orgs/anyhow_richness507-slmails-com/findings/150205110,2025-02-28 04:03:35.808127,2025-02-28 04:03:35.783467,refs/heads/main,,,,"DOCTYPE declarations are enabled for this DocumentBuilderFactory. This is vulnerable to XML external entity attacks. Disable this by setting the feature ""http://apache.org/xml/features/disallow-doctype-decl"" to true. Alternatively, allow DOCTYPE declarations and only prohibit external entities declarations. This can be done by setting the features ""http://xml.org/sax/features/external-general-entities"" and ""http://xml.org/sax/features/external-parameter-entities"" to false."
150205109,java.lang.security.audit.xxe.documentbuilderfactory-disallow-doctype-decl-missing.documentbuilderfactory-disallow-doctype-decl-missing,Code,High,Open,High,security,False,,,,linux984/keycloak,https://github.com/linux984/keycloak,https://github.com/linux984/keycloak/blob/c8738721df2cd2d16fe16adec571b4192354a771/federation/sssd/src/main/java/org/freedesktop/dbus/utils/XmlUtil.java#L174,https://semgrep.dev/orgs/anyhow_richness507-slmails-com/findings/150205109,2025-02-28 04:03:35.808112,2025-02-28 04:03:35.783457,refs/heads/main,,,,"DOCTYPE declarations are enabled for this DocumentBuilderFactory. This is vulnerable to XML external entity attacks. Disable this by setting the feature ""http://apache.org/xml/features/disallow-doctype-decl"" to true. Alternatively, allow DOCTYPE declarations and only prohibit external entities declarations. This can be done by setting the features ""http://xml.org/sax/features/external-general-entities"" and ""http://xml.org/sax/features/external-parameter-entities"" to false."
150205108,java.lang.security.audit.xxe.documentbuilderfactory-disallow-doctype-decl-missing.documentbuilderfactory-disallow-doctype-decl-missing,Code,High,Open,High,security,False,,,,linux984/keycloak,https://github.com/linux984/keycloak,https://github.com/linux984/keycloak/blob/c8738721df2cd2d16fe16adec571b4192354a771/saml-core/src/main/java/org/keycloak/saml/SPMetadataDescriptor.java#L101,https://semgrep.dev/orgs/anyhow_richness507-slmails-com/findings/150205108,2025-02-28 04:03:35.808097,2025-02-28 04:03:35.783451,refs/heads/main,,,,"DOCTYPE declarations are enabled for this DocumentBuilderFactory. This is vulnerable to XML external entity attacks. Disable this by setting the feature ""http://apache.org/xml/features/disallow-doctype-decl"" to true. Alternatively, allow DOCTYPE declarations and only prohibit external entities declarations. This can be done by setting the features ""http://xml.org/sax/features/external-general-entities"" and ""http://xml.org/sax/features/external-parameter-entities"" to false."
150205107,java.lang.security.audit.xxe.documentbuilderfactory-disallow-doctype-decl-missing.documentbuilderfactory-disallow-doctype-decl-missing,Code,High,Open,High,security,True,,,,linux984/keycloak,https://github.com/linux984/keycloak,https://github.com/linux984/keycloak/blob/c8738721df2cd2d16fe16adec571b4192354a771/saml-core/src/main/java/org/keycloak/saml/common/util/DocumentUtil.java#L376,https://semgrep.dev/orgs/anyhow_richness507-slmails-com/findings/150205107,2025-02-28 04:03:35.808082,2025-02-28 04:03:35.783446,refs/heads/main,,,,"DOCTYPE declarations are enabled for this DocumentBuilderFactory. This is vulnerable to XML external entity attacks. Disable this by setting the feature ""http://apache.org/xml/features/disallow-doctype-decl"" to true. Alternatively, allow DOCTYPE declarations and only prohibit external entities declarations. This can be done by setting the features ""http://xml.org/sax/features/external-general-entities"" and ""http://xml.org/sax/features/external-parameter-entities"" to false."
150205106,java.lang.security.audit.xxe.documentbuilderfactory-disallow-doctype-decl-missing.documentbuilderfactory-disallow-doctype-decl-missing,Code,High,Open,High,security,False,,,,linux984/keycloak,https://github.com/linux984/keycloak,https://github.com/linux984/keycloak/blob/c8738721df2cd2d16fe16adec571b4192354a771/services/src/main/java/org/keycloak/protocol/saml/IDPMetadataDescriptor.java#L121,https://semgrep.dev/orgs/anyhow_richness507-slmails-com/findings/150205106,2025-02-28 04:03:35.808068,2025-02-28 04:03:35.783441,refs/heads/main,,,,"DOCTYPE declarations are enabled for this DocumentBuilderFactory. This is vulnerable to XML external entity attacks. Disable this by setting the feature ""http://apache.org/xml/features/disallow-doctype-decl"" to true. Alternatively, allow DOCTYPE declarations and only prohibit external entities declarations. This can be done by setting the features ""http://xml.org/sax/features/external-general-entities"" and ""http://xml.org/sax/features/external-parameter-entities"" to false."
150205105,java.lang.security.audit.xxe.transformerfactory-dtds-not-disabled.transformerfactory-dtds-not-disabled,Code,High,Open,High,security,False,,,,linux984/keycloak,https://github.com/linux984/keycloak,https://github.com/linux984/keycloak/blob/c8738721df2cd2d16fe16adec571b4192354a771/federation/sssd/src/main/java/org/freedesktop/dbus/utils/XmlUtil.java#L213,https://semgrep.dev/orgs/anyhow_richness507-slmails-com/findings/150205105,2025-02-28 04:03:35.808049,2025-02-28 04:03:35.783435,refs/heads/main,,,,"DOCTYPE declarations are enabled for this TransformerFactory. This is vulnerable to XML external entity attacks. Disable this by setting the attributes ""accessExternalDTD"" and ""accessExternalStylesheet"" to """"."
150205104,java.lang.security.audit.xxe.transformerfactory-dtds-not-disabled.transformerfactory-dtds-not-disabled,Code,High,Open,High,security,True,,,,linux984/keycloak,https://github.com/linux984/keycloak,https://github.com/linux984/keycloak/blob/c8738721df2cd2d16fe16adec571b4192354a771/saml-core/src/main/java/org/keycloak/saml/common/util/TransformerUtil.java#L82,https://semgrep.dev/orgs/anyhow_richness507-slmails-com/findings/150205104,2025-02-28 04:03:35.808034,2025-02-28 04:03:35.783430,refs/heads/main,,,,"DOCTYPE declarations are enabled for this TransformerFactory. This is vulnerable to XML external entity attacks. Disable this by setting the attributes ""accessExternalDTD"" and ""accessExternalStylesheet"" to """"."
150205103,java.lang.security.xxe.documentbuilderfactory-xxe-parameter-entity.documentbuilderfactory-xxe-parameter-entity,Code,High,Open,Medium,security,False,,,,linux984/keycloak,https://github.com/linux984/keycloak,https://github.com/linux984/keycloak/blob/c8738721df2cd2d16fe16adec571b4192354a771/federation/sssd/src/main/java/org/freedesktop/dbus/utils/XmlUtil.java#L168,https://semgrep.dev/orgs/anyhow_richness507-slmails-com/findings/150205103,2025-02-28 04:03:35.808019,2025-02-28 04:03:35.783425,refs/heads/main,,,,"The application is using an XML parser that has not been safely configured. This might lead to XML External Entity (XXE) vulnerabilities when parsing user-controlled input. An attacker can include document type definitions (DTDs) which can interact with internal or external hosts. XXE can lead to other vulnerabilities, such as Local File Inclusion (LFI), Remote Code Execution (RCE), and Server-side request forgery (SSRF), depending on the application configuration. An attacker can also use DTDs to expand recursively, leading to a Denial-of-Service (DoS) attack, also known as a Billion Laughs Attack. The current configuration allows for XXE attacks through parameter entities. It is our recommendation to secure this parser against XXE attacks by configuring dbFac with `dbFac.setFeature(http://apache.org/xml/features/disallow-doctype-decl, true)`. Alternatively, the following configurations also provide protection against XXE attacks with parameter entities. `dbFac.setFeature(XMLConstants.FEATURE_SECURE_PROCESSING, true)` `dbFac.setAttribute(XMLConstants.ACCESS_EXTERNAL_DTD, """")` `dbFac.setFeature(""http://xml.org/sax/features/external-parameter-entities"", false)` Beware, using a custom EntityResolver will render these settings useless and you will be responsible for handeling security in the implementation of you EntityResolver. For more information, see: [Java XXE prevention](https://semgrep.dev/docs/cheat-sheets/java-xxe/)"
150205102,java.lang.security.xxe.documentbuilderfactory-xxe-parameter-entity.documentbuilderfactory-xxe-parameter-entity,Code,High,Open,Medium,security,False,,,,linux984/keycloak,https://github.com/linux984/keycloak,https://github.com/linux984/keycloak/blob/c8738721df2cd2d16fe16adec571b4192354a771/saml-core/src/main/java/org/keycloak/saml/SPMetadataDescriptor.java#L100,https://semgrep.dev/orgs/anyhow_richness507-slmails-com/findings/150205102,2025-02-28 04:03:35.808005,2025-02-28 04:03:35.783419,refs/heads/main,,,,"The application is using an XML parser that has not been safely configured. This might lead to XML External Entity (XXE) vulnerabilities when parsing user-controlled input. An attacker can include document type definitions (DTDs) which can interact with internal or external hosts. XXE can lead to other vulnerabilities, such as Local File Inclusion (LFI), Remote Code Execution (RCE), and Server-side request forgery (SSRF), depending on the application configuration. An attacker can also use DTDs to expand recursively, leading to a Denial-of-Service (DoS) attack, also known as a Billion Laughs Attack. The current configuration allows for XXE attacks through parameter entities. It is our recommendation to secure this parser against XXE attacks by configuring dbf with `dbf.setFeature(http://apache.org/xml/features/disallow-doctype-decl, true)`. Alternatively, the following configurations also provide protection against XXE attacks with parameter entities. `dbf.setFeature(XMLConstants.FEATURE_SECURE_PROCESSING, true)` `dbf.setAttribute(XMLConstants.ACCESS_EXTERNAL_DTD, """")` `dbf.setFeature(""http://xml.org/sax/features/external-parameter-entities"", false)` Beware, using a custom EntityResolver will render these settings useless and you will be responsible for handeling security in the implementation of you EntityResolver. For more information, see: [Java XXE prevention](https://semgrep.dev/docs/cheat-sheets/java-xxe/)"
150205101,java.lang.security.xxe.documentbuilderfactory-xxe-parameter-entity.documentbuilderfactory-xxe-parameter-entity,Code,High,Open,Medium,security,False,,,,linux984/keycloak,https://github.com/linux984/keycloak,https://github.com/linux984/keycloak/blob/c8738721df2cd2d16fe16adec571b4192354a771/services/src/main/java/org/keycloak/protocol/saml/IDPMetadataDescriptor.java#L120,https://semgrep.dev/orgs/anyhow_richness507-slmails-com/findings/150205101,2025-02-28 04:03:35.807990,2025-02-28 04:03:35.783411,refs/heads/main,,,,"The application is using an XML parser that has not been safely configured. This might lead to XML External Entity (XXE) vulnerabilities when parsing user-controlled input. An attacker can include document type definitions (DTDs) which can interact with internal or external hosts. XXE can lead to other vulnerabilities, such as Local File Inclusion (LFI), Remote Code Execution (RCE), and Server-side request forgery (SSRF), depending on the application configuration. An attacker can also use DTDs to expand recursively, leading to a Denial-of-Service (DoS) attack, also known as a Billion Laughs Attack. The current configuration allows for XXE attacks through parameter entities. It is our recommendation to secure this parser against XXE attacks by configuring dbf with `dbf.setFeature(http://apache.org/xml/features/disallow-doctype-decl, true)`. Alternatively, the following configurations also provide protection against XXE attacks with parameter entities. `dbf.setFeature(XMLConstants.FEATURE_SECURE_PROCESSING, true)` `dbf.setAttribute(XMLConstants.ACCESS_EXTERNAL_DTD, """")` `dbf.setFeature(""http://xml.org/sax/features/external-parameter-entities"", false)` Beware, using a custom EntityResolver will render these settings useless and you will be responsible for handeling security in the implementation of you EntityResolver. For more information, see: [Java XXE prevention](https://semgrep.dev/docs/cheat-sheets/java-xxe/)"
150205100,java.lang.security.xxe.documentbuilderfactory-xxe-parse.documentbuilderfactory-xxe-parse,Code,High,Open,High,security,False,,,,linux984/keycloak,https://github.com/linux984/keycloak,https://github.com/linux984/keycloak/blob/c8738721df2cd2d16fe16adec571b4192354a771/federation/sssd/src/main/java/org/freedesktop/dbus/utils/XmlUtil.java#L168,https://semgrep.dev/orgs/anyhow_richness507-slmails-com/findings/150205100,2025-02-28 04:03:35.807975,2025-02-28 04:03:35.783405,refs/heads/main,,,,"The application is using an XML parser that has not been safely configured. This might lead to XML External Entity (XXE) vulnerabilities when parsing user-controlled input. An attacker can include document type definitions (DTDs) or XIncludes which can interact with internal or external hosts. XXE can lead to other vulnerabilities, such as Local File Inclusion (LFI), Remote Code Execution (RCE), and Server-side request forgery (SSRF), depending on the application configuration. An attacker can also use DTDs to expand recursively, leading to a Denial-of-Service (DoS) attack, also known as a `Billion Laughs Attack`. It is our recommendation to secure this parser against XXE attacks by configuring dbFac with `dbFac.setFeature(http://apache.org/xml/features/disallow-doctype-decl, true)`. Alternatively, the following configurations also provide protection against XXE attacks. `dbFac.setExpandEntityReferences(false)` `dbFac.setFeature(XMLConstants.FEATURE_SECURE_PROCESSING, true)` `dbFac.setAttribute(XMLConstants.ACCESS_EXTERNAL_DTD, """")` `dbFac.setFeature(""http://xml.org/sax/features/external-general-entities"", false)`. For more information, see: [Java XXE prevention](https://semgrep.dev/docs/cheat-sheets/java-xxe/)"
150205099,java.lang.security.xxe.documentbuilderfactory-xxe.documentbuilderfactory-xxe,Code,High,Open,Medium,security,False,,,,linux984/keycloak,https://github.com/linux984/keycloak,https://github.com/linux984/keycloak/blob/c8738721df2cd2d16fe16adec571b4192354a771/federation/sssd/src/main/java/org/freedesktop/dbus/utils/XmlUtil.java#L168,https://semgrep.dev/orgs/anyhow_richness507-slmails-com/findings/150205099,2025-02-28 04:03:35.807961,2025-02-28 04:03:35.783400,refs/heads/main,,,,"The application is using an XML parser that has not been safely configured. This might lead to XML External Entity (XXE) vulnerabilities when parsing user-controlled input. An attacker can include document type definitions (DTDs) which can interact with internal or external hosts. XXE can lead to other vulnerabilities, such as Local File Inclusion (LFI), Remote Code Execution (RCE), and Server-side request forgery (SSRF), depending on the application configuration. An attacker can also use DTDs to expand recursively, leading to a Denial-of-Service (DoS) attack, also known as a Billion Laughs Attack. It is our recommendation to secure this parser against XXE attacks by configuring dbFac with `dbFac.setFeature(http://apache.org/xml/features/disallow-doctype-decl, true)`. Alternatively, the following configurations also provide protection against XXE attacks. `dbFac.setExpandEntityReferences(false)` `dbFac.setFeature(XMLConstants.FEATURE_SECURE_PROCESSING, true)` `dbFac.setAttribute(XMLConstants.ACCESS_EXTERNAL_DTD, """")` `dbFac.setFeature(""http://xml.org/sax/features/external-general-entities"", false)`. For more information, see: [Java XXE prevention](https://semgrep.dev/docs/cheat-sheets/java-xxe/)"
150205098,java.lang.security.xxe.documentbuilderfactory-xxe.documentbuilderfactory-xxe,Code,High,Open,Medium,security,False,,,,linux984/keycloak,https://github.com/linux984/keycloak,https://github.com/linux984/keycloak/blob/c8738721df2cd2d16fe16adec571b4192354a771/saml-core/src/main/java/org/keycloak/saml/SPMetadataDescriptor.java#L100,https://semgrep.dev/orgs/anyhow_richness507-slmails-com/findings/150205098,2025-02-28 04:03:35.807946,2025-02-28 04:03:35.783391,refs/heads/main,,,,"The application is using an XML parser that has not been safely configured. This might lead to XML External Entity (XXE) vulnerabilities when parsing user-controlled input. An attacker can include document type definitions (DTDs) which can interact with internal or external hosts. XXE can lead to other vulnerabilities, such as Local File Inclusion (LFI), Remote Code Execution (RCE), and Server-side request forgery (SSRF), depending on the application configuration. An attacker can also use DTDs to expand recursively, leading to a Denial-of-Service (DoS) attack, also known as a Billion Laughs Attack. It is our recommendation to secure this parser against XXE attacks by configuring dbf with `dbf.setFeature(http://apache.org/xml/features/disallow-doctype-decl, true)`. Alternatively, the following configurations also provide protection against XXE attacks. `dbf.setExpandEntityReferences(false)` `dbf.setFeature(XMLConstants.FEATURE_SECURE_PROCESSING, true)` `dbf.setAttribute(XMLConstants.ACCESS_EXTERNAL_DTD, """")` `dbf.setFeature(""http://xml.org/sax/features/external-general-entities"", false)`. For more information, see: [Java XXE prevention](https://semgrep.dev/docs/cheat-sheets/java-xxe/)"
150205097,java.lang.security.xxe.documentbuilderfactory-xxe.documentbuilderfactory-xxe,Code,High,Open,Medium,security,False,,,,linux984/keycloak,https://github.com/linux984/keycloak,https://github.com/linux984/keycloak/blob/c8738721df2cd2d16fe16adec571b4192354a771/services/src/main/java/org/keycloak/protocol/saml/IDPMetadataDescriptor.java#L120,https://semgrep.dev/orgs/anyhow_richness507-slmails-com/findings/150205097,2025-02-28 04:03:35.807931,2025-02-28 04:03:35.783383,refs/heads/main,,,,"The application is using an XML parser that has not been safely configured. This might lead to XML External Entity (XXE) vulnerabilities when parsing user-controlled input. An attacker can include document type definitions (DTDs) which can interact with internal or external hosts. XXE can lead to other vulnerabilities, such as Local File Inclusion (LFI), Remote Code Execution (RCE), and Server-side request forgery (SSRF), depending on the application configuration. An attacker can also use DTDs to expand recursively, leading to a Denial-of-Service (DoS) attack, also known as a Billion Laughs Attack. It is our recommendation to secure this parser against XXE attacks by configuring dbf with `dbf.setFeature(http://apache.org/xml/features/disallow-doctype-decl, true)`. Alternatively, the following configurations also provide protection against XXE attacks. `dbf.setExpandEntityReferences(false)` `dbf.setFeature(XMLConstants.FEATURE_SECURE_PROCESSING, true)` `dbf.setAttribute(XMLConstants.ACCESS_EXTERNAL_DTD, """")` `dbf.setFeature(""http://xml.org/sax/features/external-general-entities"", false)`. For more information, see: [Java XXE prevention](https://semgrep.dev/docs/cheat-sheets/java-xxe/)"
150205096,java.lang.security.xxe.saxtransformerfactory-xxe-stylesheet.saxtransformerfactory-xxe-stylesheet,Code,High,Open,Medium,security,False,,,,linux984/keycloak,https://github.com/linux984/keycloak,https://github.com/linux984/keycloak/blob/c8738721df2cd2d16fe16adec571b4192354a771/saml-core/src/main/java/org/keycloak/saml/processing/core/util/XMLSignatureUtil.java#L613,https://semgrep.dev/orgs/anyhow_richness507-slmails-com/findings/150205096,2025-02-28 04:03:35.807917,2025-02-28 04:03:35.783377,refs/heads/main,,,,"The application is using an XML parser that has not been safely configured. This might lead to XML External Entity (XXE) vulnerabilities when parsing user-controlled input. An attacker can include document type definitions (DTDs) which can interact with internal or external hosts. XXE can lead to other vulnerabilities, such as Local File Inclusion (LFI), Remote Code Execution (RCE), and Server-side request forgery (SSRF), depending on the application configuration. An attacker can also use DTDs to expand recursively, leading to a Denial-of-Service (DoS) attack, also known as a Billion Laughs Attack. The current configuration allows for XXE attacks in XML Stylesheet (.xsl files). It is our recommendation to secure this parser against XXE attacks by configuring tf with `tf.setFeature(XMLConstants.FEATURE_SECURE_PROCESSING, true)`. Alternatively, the following configuration also provides protection against XXE attacks. `tf.setProperty(XMLConstants.ACCESS_EXTERNAL_DTD, """")`. For more information, see: [Java XXE prevention](https://semgrep.dev/docs/cheat-sheets/java-xxe/)"
150205095,java.lang.security.xxe.saxtransformerfactory-xxe.saxtransformerfactory-xxe,Code,High,Open,Medium,security,False,,,,linux984/keycloak,https://github.com/linux984/keycloak,https://github.com/linux984/keycloak/blob/c8738721df2cd2d16fe16adec571b4192354a771/saml-core/src/main/java/org/keycloak/saml/processing/core/util/XMLSignatureUtil.java#L613,https://semgrep.dev/orgs/anyhow_richness507-slmails-com/findings/150205095,2025-02-28 04:03:35.807902,2025-02-28 04:03:35.783371,refs/heads/main,,,,"The application is using an XML parser that has not been safely configured. This might lead to XML External Entity (XXE) vulnerabilities when parsing user-controlled input. An attacker can include document type definitions (DTDs) which can interact with internal or external hosts. XXE can lead to other vulnerabilities, such as Local File Inclusion (LFI), Remote Code Execution (RCE), and Server-side request forgery (SSRF), depending on the application configuration. An attacker can also use DTDs to expand recursively, leading to a Denial-of-Service (DoS) attack, also known as a Billion Laughs Attack. It is our recommendation to secure this parser against XXE attacks by configuring tf with `tf.setFeature(XMLConstants.FEATURE_SECURE_PROCESSING, true)`. Alternatively, the following configuration also provides protection against XXE attacks. `tf.setProperty(XMLConstants.ACCESS_EXTERNAL_DTD, """")`. For more information, see: [Java XXE prevention](https://semgrep.dev/docs/cheat-sheets/java-xxe/)"
150205094,java.lang.security.xxe.schemafactory-xxe-schema.schemafactory-xxe-schema,Code,High,Open,Medium,security,False,,,,linux984/keycloak,https://github.com/linux984/keycloak,https://github.com/linux984/keycloak/blob/c8738721df2cd2d16fe16adec571b4192354a771/saml-core/src/main/java/org/keycloak/saml/common/util/StaxParserUtil.java#L79,https://semgrep.dev/orgs/anyhow_richness507-slmails-com/findings/150205094,2025-02-28 04:03:35.807888,2025-02-28 04:03:35.783366,refs/heads/main,,,,"External XML Schema is allowed for identified XML parser. This might lead to XML External Entity (XXE) vulnerabilities when parsing user-controlled input. An attacker can include document type definitions (DTDs) which can interact with internal or external hosts. XXE can lead to other vulnerabilities, such as Local File Inclusion (LFI), Remote Code Execution (RCE), and Server-side request forgery (SSRF), depending on the application configuration. An attacker can also use DTDs to expand recursively, leading to a Denial-of-Service (DoS) attack, also known as a Billion Laughs Attack. The current configuration allows for XXE attacks via XML Schema (`.xsd` files). It is our recommendation to secure this parser against XXE attacks by configuring factory with `factory.setFeature(XMLConstants.FEATURE_SECURE_PROCESSING, true)`. Alternatively, the following configurations also provide protection against XXE attacks. `factory.setProperty(XMLConstants.ACCESS_EXTERNAL_SCHEMA, """")`. For more information, see: [Java XXE prevention](https://semgrep.dev/docs/cheat-sheets/java-xxe/)"
150205093,java.lang.security.xxe.schemafactory-xxe.schemafactory-xxe,Code,High,Open,Medium,security,False,,,,linux984/keycloak,https://github.com/linux984/keycloak,https://github.com/linux984/keycloak/blob/c8738721df2cd2d16fe16adec571b4192354a771/saml-core/src/main/java/org/keycloak/saml/common/util/StaxParserUtil.java#L79,https://semgrep.dev/orgs/anyhow_richness507-slmails-com/findings/150205093,2025-02-28 04:03:35.807873,2025-02-28 04:03:35.783359,refs/heads/main,,,,"The identified XML parser permits the use of external Document Type Definitions (DTDs). This might lead to XML External Entity (XXE) vulnerabilities when parsing user-controlled input. An attacker can include document type definitions (DTDs) which can interact with internal or external hosts. XXE can lead to other vulnerabilities, such as Local File Inclusion (LFI), Remote Code Execution (RCE), and Server-side request forgery (SSRF), depending on the application configuration. An attacker can also use DTDs to expand recursively, leading to a Denial-of-Service (DoS) attack, also known as a Billion Laughs Attack. It is our recommendation to secure this parser against XXE attacks by configuring factory with `factory.setFeature(XMLConstants.FEATURE_SECURE_PROCESSING, true)`. Alternatively, the following configurations also provide protection against XXE attacks. `factory.setProperty(XMLConstants.ACCESS_EXTERNAL_DTD, """")` `factory.setProperty(XMLConstants.ACCESS_EXTERNAL_SCHEMA, """")`. For more information, see: [Java XXE prevention](https://semgrep.dev/docs/cheat-sheets/java-xxe/)"
150205092,java.lang.security.xxe.validator-xxe.validator-xxe,Code,High,Open,Medium,security,False,,,,linux984/keycloak,https://github.com/linux984/keycloak,https://github.com/linux984/keycloak/blob/c8738721df2cd2d16fe16adec571b4192354a771/saml-core/src/main/java/org/keycloak/saml/common/util/StaxParserUtil.java#L80,https://semgrep.dev/orgs/anyhow_richness507-slmails-com/findings/150205092,2025-02-28 04:03:35.807858,2025-02-28 04:03:35.783353,refs/heads/main,,,,"The application is using an XML parser that has not been safely configured. This might lead to XML External Entity (XXE) vulnerabilities when parsing user-controlled input. An attacker can include document type definitions (DTDs) which can interact with internal or external hosts. XXE can lead to other vulnerabilities, such as Local File Inclusion (LFI), Remote Code Execution (RCE), and Server-side request forgery (SSRF), depending on the application configuration. An attacker can also use DTDs to expand recursively, leading to a Denial-of-Service (DoS) attack, also known as a Billion Laughs Attack. It is our recommendation to secure this parser against XXE attacks by configuring validator with `validator.setFeature(XMLConstants.FEATURE_SECURE_PROCESSING, true)`. Alternatively, the following configuration also provides protection against XXE attacks. validator.setProperty(XMLConstants.ACCESS_EXTERNAL_DTD, """"). For more information, see: [Java XXE prevention](https://semgrep.dev/docs/cheat-sheets/java-xxe/)"
150205091,java.lang.security.xxe.validator-xxe.validator-xxe,Code,High,Open,Medium,security,False,,,,linux984/keycloak,https://github.com/linux984/keycloak,https://github.com/linux984/keycloak/blob/c8738721df2cd2d16fe16adec571b4192354a771/saml-core/src/main/java/org/keycloak/saml/processing/core/util/JAXPValidationUtil.java#L97,https://semgrep.dev/orgs/anyhow_richness507-slmails-com/findings/150205091,2025-02-28 04:03:35.807844,2025-02-28 04:03:35.783348,refs/heads/main,,,,"The application is using an XML parser that has not been safely configured. This might lead to XML External Entity (XXE) vulnerabilities when parsing user-controlled input. An attacker can include document type definitions (DTDs) which can interact with internal or external hosts. XXE can lead to other vulnerabilities, such as Local File Inclusion (LFI), Remote Code Execution (RCE), and Server-side request forgery (SSRF), depending on the application configuration. An attacker can also use DTDs to expand recursively, leading to a Denial-of-Service (DoS) attack, also known as a Billion Laughs Attack. It is our recommendation to secure this parser against XXE attacks by configuring validator with `validator.setFeature(XMLConstants.FEATURE_SECURE_PROCESSING, true)`. Alternatively, the following configuration also provides protection against XXE attacks. validator.setProperty(XMLConstants.ACCESS_EXTERNAL_DTD, """"). For more information, see: [Java XXE prevention](https://semgrep.dev/docs/cheat-sheets/java-xxe/)"
150205090,javascript.lang.security.audit.spawn-shell-true.spawn-shell-true,Code,High,Open,Low,security,False,,,,linux984/keycloak,https://github.com/linux984/keycloak,https://github.com/linux984/keycloak/blob/c8738721df2cd2d16fe16adec571b4192354a771/js/apps/keycloak-server/scripts/start-server.js#L59,https://semgrep.dev/orgs/anyhow_richness507-slmails-com/findings/150205090,2025-02-28 04:03:35.807829,2025-02-28 04:03:35.783342,refs/heads/main,,,,"Found '$SPAWN' with '{shell: true}'. This is dangerous because this call will spawn the command using a shell process. Doing so propagates current shell settings and variables, which makes it much easier for a malicious actor to execute commands. Use '{shell: false}' instead."
150205089,java.lang.security.audit.active-debug-code-getstacktrace.active-debug-code-getstacktrace,Code,Medium,Open,Medium,security,True,,,,linux984/keycloak,https://github.com/linux984/keycloak,https://github.com/linux984/keycloak/blob/c8738721df2cd2d16fe16adec571b4192354a771/quarkus/runtime/src/main/java/org/keycloak/quarkus/runtime/cli/ExecutionExceptionHandler.java#L52,https://semgrep.dev/orgs/anyhow_richness507-slmails-com/findings/150205089,2025-02-28 04:03:35.807815,2025-02-28 04:03:35.783337,refs/heads/main,,,,Possible active debug code detected. Deploying an application with debug code can create unintended entry points or expose sensitive information.
150205088,java.lang.security.audit.active-debug-code-getstacktrace.active-debug-code-getstacktrace,Code,Medium,Open,Medium,security,True,,,,linux984/keycloak,https://github.com/linux984/keycloak,https://github.com/linux984/keycloak/blob/c8738721df2cd2d16fe16adec571b4192354a771/quarkus/runtime/src/main/java/org/keycloak/quarkus/runtime/cli/ExecutionExceptionHandler.java#L87,https://semgrep.dev/orgs/anyhow_richness507-slmails-com/findings/150205088,2025-02-28 04:03:35.807800,2025-02-28 04:03:35.783332,refs/heads/main,,,,Possible active debug code detected. Deploying an application with debug code can create unintended entry points or expose sensitive information.
150205087,java.lang.security.audit.active-debug-code-getstacktrace.active-debug-code-getstacktrace,Code,Medium,Open,Medium,security,True,,,,linux984/keycloak,https://github.com/linux984/keycloak,https://github.com/linux984/keycloak/blob/c8738721df2cd2d16fe16adec571b4192354a771/quarkus/runtime/src/main/java/org/keycloak/quarkus/runtime/cli/ExecutionExceptionHandler.java#L123,https://semgrep.dev/orgs/anyhow_richness507-slmails-com/findings/150205087,2025-02-28 04:03:35.807785,2025-02-28 04:03:35.783326,refs/heads/main,,,,Possible active debug code detected. Deploying an application with debug code can create unintended entry points or expose sensitive information.
150205086,java.lang.security.audit.active-debug-code-getstacktrace.active-debug-code-getstacktrace,Code,Medium,Open,Medium,security,True,,,,linux984/keycloak,https://github.com/linux984/keycloak,https://github.com/linux984/keycloak/blob/c8738721df2cd2d16fe16adec571b4192354a771/quarkus/runtime/src/main/java/org/keycloak/quarkus/runtime/cli/ExecutionExceptionHandler.java#L125,https://semgrep.dev/orgs/anyhow_richness507-slmails-com/findings/150205086,2025-02-28 04:03:35.807770,2025-02-28 04:03:35.783319,refs/heads/main,,,,Possible active debug code detected. Deploying an application with debug code can create unintended entry points or expose sensitive information.
150205085,java.lang.security.audit.active-debug-code-printstacktrace.active-debug-code-printstacktrace,Code,Medium,Open,Medium,security,False,,,,linux984/keycloak,https://github.com/linux984/keycloak,https://github.com/linux984/keycloak/blob/c8738721df2cd2d16fe16adec571b4192354a771/common/src/main/java/org/keycloak/common/util/HostUtils.java#L71,https://semgrep.dev/orgs/anyhow_richness507-slmails-com/findings/150205085,2025-02-28 04:03:35.807756,2025-02-28 04:03:35.783309,refs/heads/main,,,,Possible active debug code detected. Deploying an application with debug code can create unintended entry points or expose sensitive information.
150205084,java.lang.security.audit.active-debug-code-printstacktrace.active-debug-code-printstacktrace,Code,Medium,Open,Medium,security,False,,,,linux984/keycloak,https://github.com/linux984/keycloak,https://github.com/linux984/keycloak/blob/c8738721df2cd2d16fe16adec571b4192354a771/common/src/main/java/org/keycloak/common/util/KerberosJdkProvider.java#L213,https://semgrep.dev/orgs/anyhow_richness507-slmails-com/findings/150205084,2025-02-28 04:03:35.807741,2025-02-28 04:03:35.783301,refs/heads/main,,,,Possible active debug code detected. Deploying an application with debug code can create unintended entry points or expose sensitive information.
150205083,java.lang.security.audit.active-debug-code-printstacktrace.active-debug-code-printstacktrace,Code,Medium,Open,Medium,security,False,,,,linux984/keycloak,https://github.com/linux984/keycloak,https://github.com/linux984/keycloak/blob/c8738721df2cd2d16fe16adec571b4192354a771/common/src/main/java/org/keycloak/common/util/KerberosSerializationUtils.java#L105,https://semgrep.dev/orgs/anyhow_richness507-slmails-com/findings/150205083,2025-02-28 04:03:35.807727,2025-02-28 04:03:35.783296,refs/heads/main,,,,Possible active debug code detected. Deploying an application with debug code can create unintended entry points or expose sensitive information.
150205082,java.lang.security.audit.active-debug-code-printstacktrace.active-debug-code-printstacktrace,Code,Medium,Open,Medium,security,False,,,,linux984/keycloak,https://github.com/linux984/keycloak,https://github.com/linux984/keycloak/blob/c8738721df2cd2d16fe16adec571b4192354a771/common/src/main/java/org/keycloak/common/util/KerberosSerializationUtils.java#L129,https://semgrep.dev/orgs/anyhow_richness507-slmails-com/findings/150205082,2025-02-28 04:03:35.807712,2025-02-28 04:03:35.783290,refs/heads/main,,,,Possible active debug code detected. Deploying an application with debug code can create unintended entry points or expose sensitive information.
150205081,java.lang.security.audit.active-debug-code-printstacktrace.active-debug-code-printstacktrace,Code,Medium,Open,Medium,security,False,,,,linux984/keycloak,https://github.com/linux984/keycloak,https://github.com/linux984/keycloak/blob/c8738721df2cd2d16fe16adec571b4192354a771/crypto/default/src/main/java/org/keycloak/crypto/def/BCOCSPProvider.java#L212,https://semgrep.dev/orgs/anyhow_richness507-slmails-com/findings/150205081,2025-02-28 04:03:35.807697,2025-02-28 04:03:35.783285,refs/heads/main,,,,Possible active debug code detected. Deploying an application with debug code can create unintended entry points or expose sensitive information.
150205080,java.lang.security.audit.active-debug-code-printstacktrace.active-debug-code-printstacktrace,Code,Medium,Open,Medium,security,False,,,,linux984/keycloak,https://github.com/linux984/keycloak,https://github.com/linux984/keycloak/blob/c8738721df2cd2d16fe16adec571b4192354a771/crypto/default/src/main/java/org/keycloak/crypto/def/BCOCSPProvider.java#L446,https://semgrep.dev/orgs/anyhow_richness507-slmails-com/findings/150205080,2025-02-28 04:03:35.807682,2025-02-28 04:03:35.783279,refs/heads/main,,,,Possible active debug code detected. Deploying an application with debug code can create unintended entry points or expose sensitive information.
150205079,java.lang.security.audit.active-debug-code-printstacktrace.active-debug-code-printstacktrace,Code,Medium,Open,Medium,security,False,,,,linux984/keycloak,https://github.com/linux984/keycloak,https://github.com/linux984/keycloak/blob/c8738721df2cd2d16fe16adec571b4192354a771/crypto/elytron/src/main/java/org/keycloak/crypto/elytron/ElytronCertificateUtilsProvider.java#L330,https://semgrep.dev/orgs/anyhow_richness507-slmails-com/findings/150205079,2025-02-28 04:03:35.807668,2025-02-28 04:03:35.783274,refs/heads/main,,,,Possible active debug code detected. Deploying an application with debug code can create unintended entry points or expose sensitive information.
150205078,java.lang.security.audit.active-debug-code-printstacktrace.active-debug-code-printstacktrace,Code,Medium,Open,Medium,security,False,,,,linux984/keycloak,https://github.com/linux984/keycloak,https://github.com/linux984/keycloak/blob/c8738721df2cd2d16fe16adec571b4192354a771/crypto/fips1402/src/main/java/org/keycloak/crypto/fips/BCFIPSOCSPProvider.java#L211,https://semgrep.dev/orgs/anyhow_richness507-slmails-com/findings/150205078,2025-02-28 04:03:35.807653,2025-02-28 04:03:35.783269,refs/heads/main,,,,Possible active debug code detected. Deploying an application with debug code can create unintended entry points or expose sensitive information.
150205077,java.lang.security.audit.active-debug-code-printstacktrace.active-debug-code-printstacktrace,Code,Medium,Open,Medium,security,False,,,,linux984/keycloak,https://github.com/linux984/keycloak,https://github.com/linux984/keycloak/blob/c8738721df2cd2d16fe16adec571b4192354a771/crypto/fips1402/src/main/java/org/keycloak/crypto/fips/BCFIPSOCSPProvider.java#L445,https://semgrep.dev/orgs/anyhow_richness507-slmails-com/findings/150205077,2025-02-28 04:03:35.807639,2025-02-28 04:03:35.783262,refs/heads/main,,,,Possible active debug code detected. Deploying an application with debug code can create unintended entry points or expose sensitive information.
150205076,java.lang.security.audit.active-debug-code-printstacktrace.active-debug-code-printstacktrace,Code,Medium,Open,Medium,security,False,,,,linux984/keycloak,https://github.com/linux984/keycloak,https://github.com/linux984/keycloak/blob/c8738721df2cd2d16fe16adec571b4192354a771/federation/ldap/src/main/java/org/keycloak/storage/ldap/idm/store/ldap/LDAPOperationManager.java#L542,https://semgrep.dev/orgs/anyhow_richness507-slmails-com/findings/150205076,2025-02-28 04:03:35.807624,2025-02-28 04:03:35.783256,refs/heads/main,,,,Possible active debug code detected. Deploying an application with debug code can create unintended entry points or expose sensitive information.
150205075,java.lang.security.audit.active-debug-code-printstacktrace.active-debug-code-printstacktrace,Code,Medium,Open,Medium,security,False,,,,linux984/keycloak,https://github.com/linux984/keycloak,https://github.com/linux984/keycloak/blob/c8738721df2cd2d16fe16adec571b4192354a771/federation/ldap/src/main/java/org/keycloak/storage/ldap/idm/store/ldap/LDAPOperationManager.java#L550,https://semgrep.dev/orgs/anyhow_richness507-slmails-com/findings/150205075,2025-02-28 04:03:35.807609,2025-02-28 04:03:35.783251,refs/heads/main,,,,Possible active debug code detected. Deploying an application with debug code can create unintended entry points or expose sensitive information.
150205074,java.lang.security.audit.active-debug-code-printstacktrace.active-debug-code-printstacktrace,Code,Medium,Open,Medium,security,False,,,,linux984/keycloak,https://github.com/linux984/keycloak,https://github.com/linux984/keycloak/blob/c8738721df2cd2d16fe16adec571b4192354a771/federation/sssd/src/main/java/org/keycloak/federation/sssd/impl/PAMAuthenticator.java#L56,https://semgrep.dev/orgs/anyhow_richness507-slmails-com/findings/150205074,2025-02-28 04:03:35.807594,2025-02-28 04:03:35.783246,refs/heads/main,,,,Possible active debug code detected. Deploying an application with debug code can create unintended entry points or expose sensitive information.
150205073,java.lang.security.audit.active-debug-code-printstacktrace.active-debug-code-printstacktrace,Code,Medium,Open,Medium,security,False,,,,linux984/keycloak,https://github.com/linux984/keycloak,https://github.com/linux984/keycloak/blob/c8738721df2cd2d16fe16adec571b4192354a771/integration/client-cli/admin-cli/src/main/java/org/keycloak/client/cli/common/ExecutionExceptionHandler.java#L29,https://semgrep.dev/orgs/anyhow_richness507-slmails-com/findings/150205073,2025-02-28 04:03:35.807580,2025-02-28 04:03:35.783238,refs/heads/main,,,,Possible active debug code detected. Deploying an application with debug code can create unintended entry points or expose sensitive information.
150205072,java.lang.security.audit.active-debug-code-printstacktrace.active-debug-code-printstacktrace,Code,Medium,Open,Medium,security,False,,,,linux984/keycloak,https://github.com/linux984/keycloak,https://github.com/linux984/keycloak/blob/c8738721df2cd2d16fe16adec571b4192354a771/quarkus/runtime/src/main/java/org/keycloak/quarkus/runtime/cli/ExecutionExceptionHandler.java#L126,https://semgrep.dev/orgs/anyhow_richness507-slmails-com/findings/150205072,2025-02-28 04:03:35.807565,2025-02-28 04:03:35.783230,refs/heads/main,,,,Possible active debug code detected. Deploying an application with debug code can create unintended entry points or expose sensitive information.
150205071,java.lang.security.audit.active-debug-code-printstacktrace.active-debug-code-printstacktrace,Code,Medium,Open,Medium,security,False,,,,linux984/keycloak,https://github.com/linux984/keycloak,https://github.com/linux984/keycloak/blob/c8738721df2cd2d16fe16adec571b4192354a771/services/src/main/java/org/keycloak/credential/WebAuthnCredentialProvider.java#L236,https://semgrep.dev/orgs/anyhow_richness507-slmails-com/findings/150205071,2025-02-28 04:03:35.807550,2025-02-28 04:03:35.783223,refs/heads/main,,,,Possible active debug code detected. Deploying an application with debug code can create unintended entry points or expose sensitive information.
150205070,java.lang.security.audit.active-debug-code-printstacktrace.active-debug-code-printstacktrace,Code,Medium,Open,Medium,security,False,,,,linux984/keycloak,https://github.com/linux984/keycloak,https://github.com/linux984/keycloak/blob/c8738721df2cd2d16fe16adec571b4192354a771/services/src/main/java/org/keycloak/services/error/KeycloakErrorHandler.java#L215,https://semgrep.dev/orgs/anyhow_richness507-slmails-com/findings/150205070,2025-02-28 04:03:35.807535,2025-02-28 04:03:35.783217,refs/heads/main,,,,Possible active debug code detected. Deploying an application with debug code can create unintended entry points or expose sensitive information.
150205069,java.lang.security.audit.active-debug-code-printstacktrace.active-debug-code-printstacktrace,Code,Medium,Open,Medium,security,False,,,,linux984/keycloak,https://github.com/linux984/keycloak,https://github.com/linux984/keycloak/blob/c8738721df2cd2d16fe16adec571b4192354a771/services/src/main/java/org/keycloak/services/resources/account/LinkedAccountsResource.java#L275,https://semgrep.dev/orgs/anyhow_richness507-slmails-com/findings/150205069,2025-02-28 04:03:35.807521,2025-02-28 04:03:35.783210,refs/heads/main,,,,Possible active debug code detected. Deploying an application with debug code can create unintended entry points or expose sensitive information.
150205068,java.lang.security.audit.active-debug-code-printstacktrace.active-debug-code-printstacktrace,Code,Medium,Open,Medium,security,False,,,,linux984/keycloak,https://github.com/linux984/keycloak,https://github.com/linux984/keycloak/blob/c8738721df2cd2d16fe16adec571b4192354a771/services/src/main/java/org/keycloak/services/resources/admin/RealmAdminResource.java#L1033,https://semgrep.dev/orgs/anyhow_richness507-slmails-com/findings/150205068,2025-02-28 04:03:35.807506,2025-02-28 04:03:35.783205,refs/heads/main,,,,Possible active debug code detected. Deploying an application with debug code can create unintended entry points or expose sensitive information.
150205067,java.lang.security.audit.active-debug-code-printstacktrace.active-debug-code-printstacktrace,Code,Medium,Open,Medium,security,False,,,,linux984/keycloak,https://github.com/linux984/keycloak,https://github.com/linux984/keycloak/blob/c8738721df2cd2d16fe16adec571b4192354a771/util/embedded-ldap/src/main/java/org/keycloak/util/ldap/LDAPEmbeddedServer.java#L133,https://semgrep.dev/orgs/anyhow_richness507-slmails-com/findings/150205067,2025-02-28 04:03:35.807491,2025-02-28 04:03:35.783200,refs/heads/main,,,,Possible active debug code detected. Deploying an application with debug code can create unintended entry points or expose sensitive information.
150205066,java.lang.security.audit.cbc-padding-oracle.cbc-padding-oracle,Code,Medium,Open,High,security,False,,,,linux984/keycloak,https://github.com/linux984/keycloak,https://github.com/linux984/keycloak/blob/c8738721df2cd2d16fe16adec571b4192354a771/crypto/elytron/src/main/java/org/keycloak/crypto/elytron/WildFlyElytronProvider.java#L143,https://semgrep.dev/orgs/anyhow_richness507-slmails-com/findings/150205066,2025-02-28 04:03:35.807477,2025-02-28 04:03:35.783195,refs/heads/main,,,,"Using CBC with PKCS5Padding is susceptible to padding oracle attacks. A malicious actor could discern the difference between plaintext with valid or invalid padding. Further, CBC mode does not include any integrity checks. Use 'AES/GCM/NoPadding' instead."
150205065,java.lang.security.audit.crypto.ssl.defaulthttpclient-is-deprecated.defaulthttpclient-is-deprecated,Code,Medium,Open,Low,security,False,,,,linux984/keycloak,https://github.com/linux984/keycloak,https://github.com/linux984/keycloak/blob/c8738721df2cd2d16fe16adec571b4192354a771/adapters/saml/core/src/main/java/org/keycloak/adapters/cloned/HttpClientBuilder.java#L306,https://semgrep.dev/orgs/anyhow_richness507-slmails-com/findings/150205065,2025-02-28 04:03:35.807462,2025-02-28 04:03:35.783189,refs/heads/main,,,,"DefaultHttpClient is deprecated. Further, it does not support connections using TLS1.2, which makes using DefaultHttpClient a security hazard. Use HttpClientBuilder instead."
150205064,java.lang.security.audit.crypto.ssl.insecure-hostname-verifier.insecure-hostname-verifier,Code,Medium,Open,Low,security,False,,,,linux984/keycloak,https://github.com/linux984/keycloak,https://github.com/linux984/keycloak/blob/c8738721df2cd2d16fe16adec571b4192354a771/services/src/main/java/org/keycloak/connections/httpclient/HttpClientBuilder.java#L23,https://semgrep.dev/orgs/anyhow_richness507-slmails-com/findings/150205064,2025-02-28 04:03:35.807447,2025-02-28 04:03:35.783184,refs/heads/main,,,,"Insecure HostnameVerifier implementation detected. This will accept any SSL certificate with any hostname, which creates the possibility for man-in-the-middle attacks."
150205063,java.lang.security.audit.crypto.ssl.insecure-trust-manager.insecure-trust-manager,Code,Medium,Open,Low,security,False,,,,linux984/keycloak,https://github.com/linux984/keycloak,https://github.com/linux984/keycloak/blob/c8738721df2cd2d16fe16adec571b4192354a771/adapters/saml/core/src/main/java/org/keycloak/adapters/cloned/HttpClientBuilder.java#L90,https://semgrep.dev/orgs/anyhow_richness507-slmails-com/findings/150205063,2025-02-28 04:03:35.807433,2025-02-28 04:03:35.783179,refs/heads/main,,,,"Detected empty trust manager implementations. This is dangerous because it accepts any certificate, enabling man-in-the-middle attacks. Consider using a KeyStore and TrustManagerFactory instead. See https://stackoverflow.com/questions/2642777/trusting-all-certificates-using-httpclient-over-https for more information."
150205062,java.lang.security.audit.crypto.ssl.insecure-trust-manager.insecure-trust-manager,Code,Medium,Open,Low,security,False,,,,linux984/keycloak,https://github.com/linux984/keycloak,https://github.com/linux984/keycloak/blob/c8738721df2cd2d16fe16adec571b4192354a771/adapters/saml/core/src/main/java/org/keycloak/adapters/cloned/HttpClientBuilder.java#L94,https://semgrep.dev/orgs/anyhow_richness507-slmails-com/findings/150205062,2025-02-28 04:03:35.807418,2025-02-28 04:03:35.783174,refs/heads/main,,,,"Detected empty trust manager implementations. This is dangerous because it accepts any certificate, enabling man-in-the-middle attacks. Consider using a KeyStore and TrustManagerFactory instead. See https://stackoverflow.com/questions/2642777/trusting-all-certificates-using-httpclient-over-https for more information."
150205061,java.lang.security.audit.crypto.ssl.insecure-trust-manager.insecure-trust-manager,Code,Medium,Open,Low,security,False,,,,linux984/keycloak,https://github.com/linux984/keycloak,https://github.com/linux984/keycloak/blob/c8738721df2cd2d16fe16adec571b4192354a771/adapters/saml/core/src/main/java/org/keycloak/adapters/cloned/HttpClientBuilder.java#L98,https://semgrep.dev/orgs/anyhow_richness507-slmails-com/findings/150205061,2025-02-28 04:03:35.807403,2025-02-28 04:03:35.783166,refs/heads/main,,,,"Detected empty trust manager implementations. This is dangerous because it accepts any certificate, enabling man-in-the-middle attacks. Consider using a KeyStore and TrustManagerFactory instead. See https://stackoverflow.com/questions/2642777/trusting-all-certificates-using-httpclient-over-https for more information."
150205060,java.lang.security.audit.crypto.ssl.insecure-trust-manager.insecure-trust-manager,Code,Medium,Open,Low,security,False,,,,linux984/keycloak,https://github.com/linux984/keycloak,https://github.com/linux984/keycloak/blob/c8738721df2cd2d16fe16adec571b4192354a771/services/src/main/java/org/keycloak/connections/httpclient/HttpClientBuilder.java#L60,https://semgrep.dev/orgs/anyhow_richness507-slmails-com/findings/150205060,2025-02-28 04:03:35.807388,2025-02-28 04:03:35.783158,refs/heads/main,,,,"Detected empty trust manager implementations. This is dangerous because it accepts any certificate, enabling man-in-the-middle attacks. Consider using a KeyStore and TrustManagerFactory instead. See https://stackoverflow.com/questions/2642777/trusting-all-certificates-using-httpclient-over-https for more information."
150205059,java.lang.security.audit.crypto.ssl.insecure-trust-manager.insecure-trust-manager,Code,Medium,Open,Low,security,False,,,,linux984/keycloak,https://github.com/linux984/keycloak,https://github.com/linux984/keycloak/blob/c8738721df2cd2d16fe16adec571b4192354a771/services/src/main/java/org/keycloak/connections/httpclient/HttpClientBuilder.java#L65,https://semgrep.dev/orgs/anyhow_richness507-slmails-com/findings/150205059,2025-02-28 04:03:35.807373,2025-02-28 04:03:35.783150,refs/heads/main,,,,"Detected empty trust manager implementations. This is dangerous because it accepts any certificate, enabling man-in-the-middle attacks. Consider using a KeyStore and TrustManagerFactory instead. See https://stackoverflow.com/questions/2642777/trusting-all-certificates-using-httpclient-over-https for more information."
150205058,java.lang.security.audit.crypto.ssl.insecure-trust-manager.insecure-trust-manager,Code,Medium,Open,Low,security,False,,,,linux984/keycloak,https://github.com/linux984/keycloak,https://github.com/linux984/keycloak/blob/c8738721df2cd2d16fe16adec571b4192354a771/services/src/main/java/org/keycloak/connections/httpclient/HttpClientBuilder.java#L70,https://semgrep.dev/orgs/anyhow_richness507-slmails-com/findings/150205058,2025-02-28 04:03:35.807325,2025-02-28 04:03:35.783143,refs/heads/main,,,,"Detected empty trust manager implementations. This is dangerous because it accepts any certificate, enabling man-in-the-middle attacks. Consider using a KeyStore and TrustManagerFactory instead. See https://stackoverflow.com/questions/2642777/trusting-all-certificates-using-httpclient-over-https for more information."
150205057,java.lang.security.audit.crypto.ssl.insecure-trust-manager.insecure-trust-manager,Code,Medium,Open,Low,security,False,,,,linux984/keycloak,https://github.com/linux984/keycloak,https://github.com/linux984/keycloak/blob/c8738721df2cd2d16fe16adec571b4192354a771/services/src/main/java/org/keycloak/truststore/JSSETruststoreConfigurator.java#L86,https://semgrep.dev/orgs/anyhow_richness507-slmails-com/findings/150205057,2025-02-28 04:03:35.807310,2025-02-28 04:03:35.783137,refs/heads/main,,,,"Detected empty trust manager implementations. This is dangerous because it accepts any certificate, enabling man-in-the-middle attacks. Consider using a KeyStore and TrustManagerFactory instead. See https://stackoverflow.com/questions/2642777/trusting-all-certificates-using-httpclient-over-https for more information."
150205056,java.lang.security.audit.crypto.ssl.insecure-trust-manager.insecure-trust-manager,Code,Medium,Open,Low,security,False,,,,linux984/keycloak,https://github.com/linux984/keycloak,https://github.com/linux984/keycloak/blob/c8738721df2cd2d16fe16adec571b4192354a771/services/src/main/java/org/keycloak/truststore/JSSETruststoreConfigurator.java#L89,https://semgrep.dev/orgs/anyhow_richness507-slmails-com/findings/150205056,2025-02-28 04:03:35.807295,2025-02-28 04:03:35.783133,refs/heads/main,,,,"Detected empty trust manager implementations. This is dangerous because it accepts any certificate, enabling man-in-the-middle attacks. Consider using a KeyStore and TrustManagerFactory instead. See https://stackoverflow.com/questions/2642777/trusting-all-certificates-using-httpclient-over-https for more information."
150205055,java.lang.security.audit.crypto.unencrypted-socket.unencrypted-socket,Code,Medium,Open,High,security,False,,,,linux984/keycloak,https://github.com/linux984/keycloak,https://github.com/linux984/keycloak/blob/c8738721df2cd2d16fe16adec571b4192354a771/test-framework/core/src/main/java/org/keycloak/testframework/events/SysLogServer.java#L26,https://semgrep.dev/orgs/anyhow_richness507-slmails-com/findings/150205055,2025-02-28 04:03:35.807281,2025-02-28 04:03:35.783127,refs/heads/main,,,,"Detected use of a Java socket that is not encrypted. As a result, the traffic could be read by an attacker intercepting the network traffic. Use an SSLSocket created by 'SSLSocketFactory' or 'SSLServerSocketFactory' instead."
150205054,java.lang.security.audit.crypto.use-of-sha1.use-of-sha1,Code,Medium,Open,High,security,False,,,,linux984/keycloak,https://github.com/linux984/keycloak,https://github.com/linux984/keycloak/blob/c8738721df2cd2d16fe16adec571b4192354a771/server-spi-private/src/main/java/org/keycloak/protocol/saml/util/ArtifactBindingUtils.java#L45,https://semgrep.dev/orgs/anyhow_richness507-slmails-com/findings/150205054,2025-02-28 04:03:35.807266,2025-02-28 04:03:35.783122,refs/heads/main,,,,"Detected SHA1 hash algorithm which is considered insecure. SHA1 is not collision resistant and is therefore not suitable as a cryptographic signature. Instead, use PBKDF2 for password hashing or SHA256 or SHA512 for other hash function applications."
150205053,java.lang.security.audit.crypto.weak-random.weak-random,Code,Medium,Open,Low,security,False,,,,linux984/keycloak,https://github.com/linux984/keycloak,https://github.com/linux984/keycloak/blob/c8738721df2cd2d16fe16adec571b4192354a771/model/infinispan/src/main/java/org/keycloak/models/sessions/infinispan/remotestore/RemoteCacheSessionListener.java#L192,https://semgrep.dev/orgs/anyhow_richness507-slmails-com/findings/150205053,2025-02-28 04:03:35.807252,2025-02-28 04:03:35.783115,refs/heads/main,,,,"Detected use of the functions `Math.random()` or `java.util.Random()`. These are both not cryptographically strong random number generators (RNGs). If you are using these RNGs to create passwords or secret tokens, use `java.security.SecureRandom` instead."
150205052,java.lang.security.audit.crypto.weak-random.weak-random,Code,Medium,Open,Low,security,False,,,,linux984/keycloak,https://github.com/linux984/keycloak,https://github.com/linux984/keycloak/blob/c8738721df2cd2d16fe16adec571b4192354a771/services/src/main/java/org/keycloak/executors/DefaultExecutorsProviderFactory.java#L202,https://semgrep.dev/orgs/anyhow_richness507-slmails-com/findings/150205052,2025-02-28 04:03:35.807237,2025-02-28 04:03:35.783110,refs/heads/main,,,,"Detected use of the functions `Math.random()` or `java.util.Random()`. These are both not cryptographically strong random number generators (RNGs). If you are using these RNGs to create passwords or secret tokens, use `java.security.SecureRandom` instead."
150205051,java.lang.security.audit.object-deserialization.object-deserialization,Code,Medium,Open,Low,security,False,,,,linux984/keycloak,https://github.com/linux984/keycloak,https://github.com/linux984/keycloak/blob/c8738721df2cd2d16fe16adec571b4192354a771/common/src/main/java/org/keycloak/common/util/KerberosSerializationUtils.java#L115,https://semgrep.dev/orgs/anyhow_richness507-slmails-com/findings/150205051,2025-02-28 04:03:35.807223,2025-02-28 04:03:35.783104,refs/heads/main,,,,"Found object deserialization using ObjectInputStream. Deserializing entire Java objects is dangerous because malicious actors can create Java object streams with unintended consequences. Ensure that the objects being deserialized are not user-controlled. If this must be done, consider using HMACs to sign the data stream to make sure it is not tampered with, or consider only transmitting object fields and populating a new object."
150205050,java.lang.security.audit.object-deserialization.object-deserialization,Code,Medium,Open,Low,security,False,,,,linux984/keycloak,https://github.com/linux984/keycloak,https://github.com/linux984/keycloak/blob/c8738721df2cd2d16fe16adec571b4192354a771/services/src/main/java/org/keycloak/social/twitter/TwitterIdentityProvider.java#L213,https://semgrep.dev/orgs/anyhow_richness507-slmails-com/findings/150205050,2025-02-28 04:03:35.807208,2025-02-28 04:03:35.783099,refs/heads/main,,,,"Found object deserialization using ObjectInputStream. Deserializing entire Java objects is dangerous because malicious actors can create Java object streams with unintended consequences. Ensure that the objects being deserialized are not user-controlled. If this must be done, consider using HMACs to sign the data stream to make sure it is not tampered with, or consider only transmitting object fields and populating a new object."
150205049,java.lang.security.audit.object-deserialization.object-deserialization,Code,Medium,Open,Low,security,False,,,,linux984/keycloak,https://github.com/linux984/keycloak,https://github.com/linux984/keycloak/blob/c8738721df2cd2d16fe16adec571b4192354a771/test-framework/remote-providers/src/main/java/org/keycloak/testframework/remote/providers/runonserver/SerializationUtil.java#L68,https://semgrep.dev/orgs/anyhow_richness507-slmails-com/findings/150205049,2025-02-28 04:03:35.807194,2025-02-28 04:03:35.783094,refs/heads/main,,,,"Found object deserialization using ObjectInputStream. Deserializing entire Java objects is dangerous because malicious actors can create Java object streams with unintended consequences. Ensure that the objects being deserialized are not user-controlled. If this must be done, consider using HMACs to sign the data stream to make sure it is not tampered with, or consider only transmitting object fields and populating a new object."
150205048,java.lang.security.audit.sqli.jpa-sqli.jpa-sqli,Code,Medium,Open,Low,security,False,,,,linux984/keycloak,https://github.com/linux984/keycloak,https://github.com/linux984/keycloak/blob/c8738721df2cd2d16fe16adec571b4192354a771/model/jpa/src/main/java/org/keycloak/connections/jpa/util/JpaUtils.java#L223,https://semgrep.dev/orgs/anyhow_richness507-slmails-com/findings/150205048,2025-02-28 04:03:35.807179,2025-02-28 04:03:35.783089,refs/heads/main,,,,Detected a formatted string in a SQL statement. This could lead to SQL injection if variables in the SQL statement are not properly sanitized. Use a prepared statements (java.sql.PreparedStatement) instead. You can obtain a PreparedStatement using 'connection.prepareStatement'.
150205047,java.lang.security.audit.sqli.jpa-sqli.jpa-sqli,Code,Medium,Open,Low,security,False,,,,linux984/keycloak,https://github.com/linux984/keycloak,https://github.com/linux984/keycloak/blob/c8738721df2cd2d16fe16adec571b4192354a771/model/jpa/src/main/java/org/keycloak/connections/jpa/util/JpaUtils.java#L225,https://semgrep.dev/orgs/anyhow_richness507-slmails-com/findings/150205047,2025-02-28 04:03:35.807165,2025-02-28 04:03:35.783082,refs/heads/main,,,,Detected a formatted string in a SQL statement. This could lead to SQL injection if variables in the SQL statement are not properly sanitized. Use a prepared statements (java.sql.PreparedStatement) instead. You can obtain a PreparedStatement using 'connection.prepareStatement'.
150205046,java.lang.security.audit.unsafe-reflection.unsafe-reflection,Code,Medium,Open,Low,security,False,,,,linux984/keycloak,https://github.com/linux984/keycloak,https://github.com/linux984/keycloak/blob/c8738721df2cd2d16fe16adec571b4192354a771/common/src/main/java/org/keycloak/common/util/reflections/Reflections.java#L267,https://semgrep.dev/orgs/anyhow_richness507-slmails-com/findings/150205046,2025-02-28 04:03:35.807150,2025-02-28 04:03:35.783073,refs/heads/main,,,,"If an attacker can supply values that the application then uses to determine which class to instantiate or which method to invoke, the potential exists for the attacker to create control flow paths through the application that were not intended by the application developers. This attack vector may allow the attacker to bypass authentication or access control checks or otherwise cause the application to behave in an unexpected manner."
150205045,java.lang.security.audit.unsafe-reflection.unsafe-reflection,Code,Medium,Open,Low,security,False,,,,linux984/keycloak,https://github.com/linux984/keycloak,https://github.com/linux984/keycloak/blob/c8738721df2cd2d16fe16adec571b4192354a771/common/src/main/java/org/keycloak/common/util/reflections/Reflections.java#L269,https://semgrep.dev/orgs/anyhow_richness507-slmails-com/findings/150205045,2025-02-28 04:03:35.807135,2025-02-28 04:03:35.783065,refs/heads/main,,,,"If an attacker can supply values that the application then uses to determine which class to instantiate or which method to invoke, the potential exists for the attacker to create control flow paths through the application that were not intended by the application developers. This attack vector may allow the attacker to bypass authentication or access control checks or otherwise cause the application to behave in an unexpected manner."
150205044,java.lang.security.audit.unsafe-reflection.unsafe-reflection,Code,Medium,Open,Low,security,False,,,,linux984/keycloak,https://github.com/linux984/keycloak,https://github.com/linux984/keycloak/blob/c8738721df2cd2d16fe16adec571b4192354a771/common/src/main/java/org/keycloak/common/util/reflections/Reflections.java#L274,https://semgrep.dev/orgs/anyhow_richness507-slmails-com/findings/150205044,2025-02-28 04:03:35.807121,2025-02-28 04:03:35.783060,refs/heads/main,,,,"If an attacker can supply values that the application then uses to determine which class to instantiate or which method to invoke, the potential exists for the attacker to create control flow paths through the application that were not intended by the application developers. This attack vector may allow the attacker to bypass authentication or access control checks or otherwise cause the application to behave in an unexpected manner."
150205043,java.lang.security.audit.unsafe-reflection.unsafe-reflection,Code,Medium,Open,Low,security,False,,,,linux984/keycloak,https://github.com/linux984/keycloak,https://github.com/linux984/keycloak/blob/c8738721df2cd2d16fe16adec571b4192354a771/federation/sssd/src/main/java/org/freedesktop/dbus/Marshalling.java#L661,https://semgrep.dev/orgs/anyhow_richness507-slmails-com/findings/150205043,2025-02-28 04:03:35.807107,2025-02-28 04:03:35.783055,refs/heads/main,,,,"If an attacker can supply values that the application then uses to determine which class to instantiate or which method to invoke, the potential exists for the attacker to create control flow paths through the application that were not intended by the application developers. This attack vector may allow the attacker to bypass authentication or access control checks or otherwise cause the application to behave in an unexpected manner."
150205042,java.lang.security.audit.unsafe-reflection.unsafe-reflection,Code,Medium,Open,Low,security,False,,,,linux984/keycloak,https://github.com/linux984/keycloak,https://github.com/linux984/keycloak/blob/c8738721df2cd2d16fe16adec571b4192354a771/federation/sssd/src/main/java/org/freedesktop/dbus/connections/AbstractConnection.java#L261,https://semgrep.dev/orgs/anyhow_richness507-slmails-com/findings/150205042,2025-02-28 04:03:35.807092,2025-02-28 04:03:35.783050,refs/heads/main,,,,"If an attacker can supply values that the application then uses to determine which class to instantiate or which method to invoke, the potential exists for the attacker to create control flow paths through the application that were not intended by the application developers. This attack vector may allow the attacker to bypass authentication or access control checks or otherwise cause the application to behave in an unexpected manner."
150205041,java.lang.security.audit.unsafe-reflection.unsafe-reflection,Code,Medium,Open,Low,security,False,,,,linux984/keycloak,https://github.com/linux984/keycloak,https://github.com/linux984/keycloak/blob/c8738721df2cd2d16fe16adec571b4192354a771/federation/sssd/src/main/java/org/freedesktop/dbus/errors/Error.java#L90,https://semgrep.dev/orgs/anyhow_richness507-slmails-com/findings/150205041,2025-02-28 04:03:35.807077,2025-02-28 04:03:35.783044,refs/heads/main,,,,"If an attacker can supply values that the application then uses to determine which class to instantiate or which method to invoke, the potential exists for the attacker to create control flow paths through the application that were not intended by the application developers. This attack vector may allow the attacker to bypass authentication or access control checks or otherwise cause the application to behave in an unexpected manner."
150205040,java.lang.security.audit.unsafe-reflection.unsafe-reflection,Code,Medium,Open,Low,security,False,,,,linux984/keycloak,https://github.com/linux984/keycloak,https://github.com/linux984/keycloak/blob/c8738721df2cd2d16fe16adec571b4192354a771/federation/sssd/src/main/java/org/freedesktop/dbus/messages/DBusSignal.java#L167,https://semgrep.dev/orgs/anyhow_richness507-slmails-com/findings/150205040,2025-02-28 04:03:35.807063,2025-02-28 04:03:35.783039,refs/heads/main,,,,"If an attacker can supply values that the application then uses to determine which class to instantiate or which method to invoke, the potential exists for the attacker to create control flow paths through the application that were not intended by the application developers. This attack vector may allow the attacker to bypass authentication or access control checks or otherwise cause the application to behave in an unexpected manner."
150205039,java.lang.security.audit.unsafe-reflection.unsafe-reflection,Code,Medium,Open,Low,security,False,,,,linux984/keycloak,https://github.com/linux984/keycloak,https://github.com/linux984/keycloak/blob/c8738721df2cd2d16fe16adec571b4192354a771/model/jpa/src/main/java/org/keycloak/connections/jpa/DefaultJpaConnectionProviderFactory.java#L375,https://semgrep.dev/orgs/anyhow_richness507-slmails-com/findings/150205039,2025-02-28 04:03:35.807049,2025-02-28 04:03:35.783034,refs/heads/main,,,,"If an attacker can supply values that the application then uses to determine which class to instantiate or which method to invoke, the potential exists for the attacker to create control flow paths through the application that were not intended by the application developers. This attack vector may allow the attacker to bypass authentication or access control checks or otherwise cause the application to behave in an unexpected manner."
150205038,java.lang.security.audit.unsafe-reflection.unsafe-reflection,Code,Medium,Open,Low,security,False,,,,linux984/keycloak,https://github.com/linux984/keycloak,https://github.com/linux984/keycloak/blob/c8738721df2cd2d16fe16adec571b4192354a771/quarkus/deployment/src/main/java/org/keycloak/quarkus/deployment/KeycloakProcessor.java#L297,https://semgrep.dev/orgs/anyhow_richness507-slmails-com/findings/150205038,2025-02-28 04:03:35.807034,2025-02-28 04:03:35.783028,refs/heads/main,,,,"If an attacker can supply values that the application then uses to determine which class to instantiate or which method to invoke, the potential exists for the attacker to create control flow paths through the application that were not intended by the application developers. This attack vector may allow the attacker to bypass authentication or access control checks or otherwise cause the application to behave in an unexpected manner."
150205037,java.lang.security.audit.unsafe-reflection.unsafe-reflection,Code,Medium,Open,Low,security,False,,,,linux984/keycloak,https://github.com/linux984/keycloak,https://github.com/linux984/keycloak/blob/c8738721df2cd2d16fe16adec571b4192354a771/quarkus/runtime/src/main/java/org/keycloak/quarkus/runtime/storage/database/liquibase/FastServiceLocator.java#L49,https://semgrep.dev/orgs/anyhow_richness507-slmails-com/findings/150205037,2025-02-28 04:03:35.807020,2025-02-28 04:03:35.783021,refs/heads/main,,,,"If an attacker can supply values that the application then uses to determine which class to instantiate or which method to invoke, the potential exists for the attacker to create control flow paths through the application that were not intended by the application developers. This attack vector may allow the attacker to bypass authentication or access control checks or otherwise cause the application to behave in an unexpected manner."
150205036,java.lang.security.audit.unsafe-reflection.unsafe-reflection,Code,Medium,Open,Low,security,False,,,,linux984/keycloak,https://github.com/linux984/keycloak,https://github.com/linux984/keycloak/blob/c8738721df2cd2d16fe16adec571b4192354a771/saml-core/src/main/java/org/keycloak/saml/common/PicketLinkLoggerFactory.java#L34,https://semgrep.dev/orgs/anyhow_richness507-slmails-com/findings/150205036,2025-02-28 04:03:35.807005,2025-02-28 04:03:35.783015,refs/heads/main,,,,"If an attacker can supply values that the application then uses to determine which class to instantiate or which method to invoke, the potential exists for the attacker to create control flow paths through the application that were not intended by the application developers. This attack vector may allow the attacker to bypass authentication or access control checks or otherwise cause the application to behave in an unexpected manner."
150205035,java.lang.security.audit.unsafe-reflection.unsafe-reflection,Code,Medium,Open,Low,security,False,,,,linux984/keycloak,https://github.com/linux984/keycloak,https://github.com/linux984/keycloak/blob/c8738721df2cd2d16fe16adec571b4192354a771/services/src/main/java/org/keycloak/services/resources/admin/ComponentResource.java#L246,https://semgrep.dev/orgs/anyhow_richness507-slmails-com/findings/150205035,2025-02-28 04:03:35.806962,2025-02-28 04:03:35.783010,refs/heads/main,,,,"If an attacker can supply values that the application then uses to determine which class to instantiate or which method to invoke, the potential exists for the attacker to create control flow paths through the application that were not intended by the application developers. This attack vector may allow the attacker to bypass authentication or access control checks or otherwise cause the application to behave in an unexpected manner."
150205034,java.lang.security.audit.unsafe-reflection.unsafe-reflection,Code,Medium,Open,Low,security,False,,,,linux984/keycloak,https://github.com/linux984/keycloak,https://github.com/linux984/keycloak/blob/c8738721df2cd2d16fe16adec571b4192354a771/test-framework/remote-providers/src/main/java/org/keycloak/testframework/remote/providers/runonserver/SerializationUtil.java#L37,https://semgrep.dev/orgs/anyhow_richness507-slmails-com/findings/150205034,2025-02-28 04:03:35.806947,2025-02-28 04:03:35.783002,refs/heads/main,,,,"If an attacker can supply values that the application then uses to determine which class to instantiate or which method to invoke, the potential exists for the attacker to create control flow paths through the application that were not intended by the application developers. This attack vector may allow the attacker to bypass authentication or access control checks or otherwise cause the application to behave in an unexpected manner."
150205033,java.lang.security.audit.weak-ssl-context.weak-ssl-context,Code,Medium,Open,High,security,False,,,,linux984/keycloak,https://github.com/linux984/keycloak,https://github.com/linux984/keycloak/blob/c8738721df2cd2d16fe16adec571b4192354a771/adapters/saml/core/src/main/java/org/keycloak/adapters/cloned/HttpClientBuilder.java#L262,https://semgrep.dev/orgs/anyhow_richness507-slmails-com/findings/150205033,2025-02-28 04:03:35.806932,2025-02-28 04:03:35.782968,refs/heads/main,,,,"An insecure SSL context was detected. TLS versions 1.0, 1.1, and all SSL versions are considered weak encryption and are deprecated. Use SSLContext.getInstance(""TLSv1.2"") for the best security."
150205032,java.lang.security.audit.weak-ssl-context.weak-ssl-context,Code,Medium,Open,High,security,False,,,,linux984/keycloak,https://github.com/linux984/keycloak,https://github.com/linux984/keycloak/blob/c8738721df2cd2d16fe16adec571b4192354a771/quarkus/runtime/src/main/java/org/keycloak/quarkus/runtime/storage/infinispan/CacheManagerFactory.java#L370,https://semgrep.dev/orgs/anyhow_richness507-slmails-com/findings/150205032,2025-02-28 04:03:35.806916,2025-02-28 04:03:35.782963,refs/heads/main,,,,"An insecure SSL context was detected. TLS versions 1.0, 1.1, and all SSL versions are considered weak encryption and are deprecated. Use SSLContext.getInstance(""TLSv1.2"") for the best security."
150205031,java.lang.security.audit.weak-ssl-context.weak-ssl-context,Code,Medium,Open,High,security,False,,,,linux984/keycloak,https://github.com/linux984/keycloak,https://github.com/linux984/keycloak/blob/c8738721df2cd2d16fe16adec571b4192354a771/quarkus/runtime/src/main/java/org/keycloak/quarkus/runtime/storage/infinispan/jgroups/impl/JpaJGroupsTlsConfigurator.java#L80,https://semgrep.dev/orgs/anyhow_richness507-slmails-com/findings/150205031,2025-02-28 04:03:35.806901,2025-02-28 04:03:35.782957,refs/heads/main,,,,"An insecure SSL context was detected. TLS versions 1.0, 1.1, and all SSL versions are considered weak encryption and are deprecated. Use SSLContext.getInstance(""TLSv1.2"") for the best security."
150205030,java.lang.security.audit.weak-ssl-context.weak-ssl-context,Code,Medium,Open,High,security,False,,,,linux984/keycloak,https://github.com/linux984/keycloak,https://github.com/linux984/keycloak/blob/c8738721df2cd2d16fe16adec571b4192354a771/services/src/main/java/org/keycloak/connections/httpclient/HttpClientBuilder.java#L234,https://semgrep.dev/orgs/anyhow_richness507-slmails-com/findings/150205030,2025-02-28 04:03:35.806886,2025-02-28 04:03:35.782950,refs/heads/main,,,,"An insecure SSL context was detected. TLS versions 1.0, 1.1, and all SSL versions are considered weak encryption and are deprecated. Use SSLContext.getInstance(""TLSv1.2"") for the best security."
150205029,java.lang.security.audit.weak-ssl-context.weak-ssl-context,Code,Medium,Open,High,security,False,,,,linux984/keycloak,https://github.com/linux984/keycloak,https://github.com/linux984/keycloak/blob/c8738721df2cd2d16fe16adec571b4192354a771/services/src/main/java/org/keycloak/connections/httpclient/HttpClientBuilder.java#L245,https://semgrep.dev/orgs/anyhow_richness507-slmails-com/findings/150205029,2025-02-28 04:03:35.806870,2025-02-28 04:03:35.782940,refs/heads/main,,,,"An insecure SSL context was detected. TLS versions 1.0, 1.1, and all SSL versions are considered weak encryption and are deprecated. Use SSLContext.getInstance(""TLSv1.2"") for the best security."
150205028,java.lang.security.audit.weak-ssl-context.weak-ssl-context,Code,Medium,Open,High,security,False,,,,linux984/keycloak,https://github.com/linux984/keycloak,https://github.com/linux984/keycloak/blob/c8738721df2cd2d16fe16adec571b4192354a771/services/src/main/java/org/keycloak/truststore/JSSETruststoreConfigurator.java#L62,https://semgrep.dev/orgs/anyhow_richness507-slmails-com/findings/150205028,2025-02-28 04:03:35.806855,2025-02-28 04:03:35.782934,refs/heads/main,,,,"An insecure SSL context was detected. TLS versions 1.0, 1.1, and all SSL versions are considered weak encryption and are deprecated. Use SSLContext.getInstance(""TLSv1.2"") for the best security."
150205027,javascript.lang.security.audit.detect-non-literal-regexp.detect-non-literal-regexp,Code,Medium,Open,Low,security,False,,,,linux984/keycloak,https://github.com/linux984/keycloak,https://github.com/linux984/keycloak/blob/c8738721df2cd2d16fe16adec571b4192354a771/js/apps/admin-ui/cypress/support/pages/admin-ui/components/PageObject.ts#L218,https://semgrep.dev/orgs/anyhow_richness507-slmails-com/findings/150205027,2025-02-28 04:03:35.806839,2025-02-28 04:03:35.782929,refs/heads/main,,,,"RegExp() called with a `itemName` function argument, this might allow an attacker to cause a Regular Expression Denial-of-Service (ReDoS) within your application as RegExP blocks the main thread. For this reason, it is recommended to use hardcoded regexes instead. If your regex is run on user-controlled input, consider performing input validation or use a regex checking/sanitization library such as https://www.npmjs.com/package/recheck to verify that the regex does not appear vulnerable to ReDoS."
150205026,javascript.lang.security.audit.detect-non-literal-regexp.detect-non-literal-regexp,Code,Medium,Open,Low,security,False,,,,linux984/keycloak,https://github.com/linux984/keycloak,https://github.com/linux984/keycloak/blob/c8738721df2cd2d16fe16adec571b4192354a771/themes/src/main/resources/theme/base/login/resources/js/common.js#L33,https://semgrep.dev/orgs/anyhow_richness507-slmails-com/findings/150205026,2025-02-28 04:03:35.806824,2025-02-28 04:03:35.782923,refs/heads/main,,,,"RegExp() called with a `format` function argument, this might allow an attacker to cause a Regular Expression Denial-of-Service (ReDoS) within your application as RegExP blocks the main thread. For this reason, it is recommended to use hardcoded regexes instead. If your regex is run on user-controlled input, consider performing input validation or use a regex checking/sanitization library such as https://www.npmjs.com/package/recheck to verify that the regex does not appear vulnerable to ReDoS."
150205025,javascript.lang.security.audit.incomplete-sanitization.incomplete-sanitization,Code,Medium,Open,Low,security,False,,,,linux984/keycloak,https://github.com/linux984/keycloak,https://github.com/linux984/keycloak/blob/c8738721df2cd2d16fe16adec571b4192354a771/themes/src/main/resources/theme/base/login/resources/js/common.js#L14,https://semgrep.dev/orgs/anyhow_richness507-slmails-com/findings/150205025,2025-02-28 04:03:35.806809,2025-02-28 04:03:35.782917,refs/heads/main,,,,"`p.replace` method will only replace the first occurrence when used with a string argument (""{""). If this method is used for escaping of dangerous data then there is a possibility for a bypass. Try to use sanitization library instead or use a Regex with a global flag."
150205024,javascript.lang.security.audit.incomplete-sanitization.incomplete-sanitization,Code,Medium,Open,Low,security,False,,,,linux984/keycloak,https://github.com/linux984/keycloak,https://github.com/linux984/keycloak/blob/c8738721df2cd2d16fe16adec571b4192354a771/themes/src/main/resources/theme/base/login/resources/js/common.js#L14,https://semgrep.dev/orgs/anyhow_richness507-slmails-com/findings/150205024,2025-02-28 04:03:35.806794,2025-02-28 04:03:35.782912,refs/heads/main,,,,"`p.replace(""{"", """").replace` method will only replace the first occurrence when used with a string argument (""}""). If this method is used for escaping of dangerous data then there is a possibility for a bypass. Try to use sanitization library instead or use a Regex with a global flag."
150205023,problem-based-packs.insecure-transport.java-stdlib.bypass-tls-verification.bypass-tls-verification,Code,Medium,Open,Medium,security,False,,,,linux984/keycloak,https://github.com/linux984/keycloak,https://github.com/linux984/keycloak/blob/c8738721df2cd2d16fe16adec571b4192354a771/services/src/main/java/org/keycloak/truststore/JSSETruststoreConfigurator.java#L81,https://semgrep.dev/orgs/anyhow_richness507-slmails-com/findings/150205023,2025-02-28 04:03:35.806769,2025-02-28 04:03:35.782907,refs/heads/main,,,,Checks for redefinitions of the checkServerTrusted function in the X509TrustManager class that disables TLS/SSL certificate verification. This should only be used for debugging purposes because it leads to vulnerability to MTM attacks.
150205022,problem-based-packs.insecure-transport.java-stdlib.disallow-old-tls-versions1.disallow-old-tls-versions1,Code,Medium,Open,Medium,security,False,,,,linux984/keycloak,https://github.com/linux984/keycloak,https://github.com/linux984/keycloak/blob/c8738721df2cd2d16fe16adec571b4192354a771/integration/client-cli/admin-cli/src/main/java/org/keycloak/client/cli/util/HttpUtil.java#L258,https://semgrep.dev/orgs/anyhow_richness507-slmails-com/findings/150205022,2025-02-28 04:03:35.806754,2025-02-28 04:03:35.782901,refs/heads/main,,,,"Detects direct creations of SSLConnectionSocketFactories that don't disallow SSL v2, SSL v3, and TLS v1. SSLSocketFactory can be used to validate the identity of the HTTPS server against a list of trusted certificates. These protocols are deprecated due to POODLE, man in the middle attacks, and other vulnerabilities."
150205021,problem-based-packs.insecure-transport.java-stdlib.disallow-old-tls-versions1.disallow-old-tls-versions1,Code,Medium,Open,Medium,security,False,,,,linux984/keycloak,https://github.com/linux984/keycloak,https://github.com/linux984/keycloak/blob/c8738721df2cd2d16fe16adec571b4192354a771/integration/client-cli/admin-cli/src/main/java/org/keycloak/client/cli/util/HttpUtil.java#L273,https://semgrep.dev/orgs/anyhow_richness507-slmails-com/findings/150205021,2025-02-28 04:03:35.806738,2025-02-28 04:03:35.782894,refs/heads/main,,,,"Detects direct creations of SSLConnectionSocketFactories that don't disallow SSL v2, SSL v3, and TLS v1. SSLSocketFactory can be used to validate the identity of the HTTPS server against a list of trusted certificates. These protocols are deprecated due to POODLE, man in the middle attacks, and other vulnerabilities."
150205020,problem-based-packs.insecure-transport.java-stdlib.disallow-old-tls-versions1.disallow-old-tls-versions1,Code,Medium,Open,Medium,security,False,,,,linux984/keycloak,https://github.com/linux984/keycloak,https://github.com/linux984/keycloak/blob/c8738721df2cd2d16fe16adec571b4192354a771/services/src/main/java/org/keycloak/connections/httpclient/HttpClientBuilder.java#L238,https://semgrep.dev/orgs/anyhow_richness507-slmails-com/findings/150205020,2025-02-28 04:03:35.806723,2025-02-28 04:03:35.782888,refs/heads/main,,,,"Detects direct creations of SSLConnectionSocketFactories that don't disallow SSL v2, SSL v3, and TLS v1. SSLSocketFactory can be used to validate the identity of the HTTPS server against a list of trusted certificates. These protocols are deprecated due to POODLE, man in the middle attacks, and other vulnerabilities."
150205019,problem-based-packs.insecure-transport.java-stdlib.disallow-old-tls-versions1.disallow-old-tls-versions1,Code,Medium,Open,Medium,security,False,,,,linux984/keycloak,https://github.com/linux984/keycloak,https://github.com/linux984/keycloak/blob/c8738721df2cd2d16fe16adec571b4192354a771/services/src/main/java/org/keycloak/connections/httpclient/HttpClientBuilder.java#L240,https://semgrep.dev/orgs/anyhow_richness507-slmails-com/findings/150205019,2025-02-28 04:03:35.806708,2025-02-28 04:03:35.782882,refs/heads/main,,,,"Detects direct creations of SSLConnectionSocketFactories that don't disallow SSL v2, SSL v3, and TLS v1. SSLSocketFactory can be used to validate the identity of the HTTPS server against a list of trusted certificates. These protocols are deprecated due to POODLE, man in the middle attacks, and other vulnerabilities."
150205018,problem-based-packs.insecure-transport.java-stdlib.disallow-old-tls-versions1.disallow-old-tls-versions1,Code,Medium,Open,Medium,security,False,,,,linux984/keycloak,https://github.com/linux984/keycloak,https://github.com/linux984/keycloak/blob/c8738721df2cd2d16fe16adec571b4192354a771/services/src/main/java/org/keycloak/connections/httpclient/HttpClientBuilder.java#L243,https://semgrep.dev/orgs/anyhow_richness507-slmails-com/findings/150205018,2025-02-28 04:03:35.806690,2025-02-28 04:03:35.782873,refs/heads/main,,,,"Detects direct creations of SSLConnectionSocketFactories that don't disallow SSL v2, SSL v3, and TLS v1. SSLSocketFactory can be used to validate the identity of the HTTPS server against a list of trusted certificates. These protocols are deprecated due to POODLE, man in the middle attacks, and other vulnerabilities."
150205017,problem-based-packs.insecure-transport.java-stdlib.disallow-old-tls-versions1.disallow-old-tls-versions1,Code,Medium,Open,Medium,security,False,,,,linux984/keycloak,https://github.com/linux984/keycloak,https://github.com/linux984/keycloak/blob/c8738721df2cd2d16fe16adec571b4192354a771/services/src/main/java/org/keycloak/connections/httpclient/HttpClientBuilder.java#L247,https://semgrep.dev/orgs/anyhow_richness507-slmails-com/findings/150205017,2025-02-28 04:03:35.806637,2025-02-28 04:03:35.782853,refs/heads/main,,,,"Detects direct creations of SSLConnectionSocketFactories that don't disallow SSL v2, SSL v3, and TLS v1. SSLSocketFactory can be used to validate the identity of the HTTPS server against a list of trusted certificates. These protocols are deprecated due to POODLE, man in the middle attacks, and other vulnerabilities."
